{
  "num_episodes": 30,
  "success_rate": 0.06666666666666667,
  "avg_final_distance": 0.797665324062109,
  "avg_steps": 77.26666666666667,
  "diffusion_steps": 50,
  "execute_steps": 4,
  "checkpoint": "outputs/checkpoints/ablations/h16_d50/best.pt"
}