{
  "num_episodes": 30,
  "success_rate": 0.03333333333333333,
  "avg_final_distance": 0.976020600212117,
  "avg_steps": 79.03333333333333,
  "diffusion_steps": 20,
  "execute_steps": 4,
  "checkpoint": "outputs/checkpoints/ablations/h16_d20/best.pt"
}