{
  "num_episodes": 30,
  "success_rate": 0.06666666666666667,
  "avg_final_distance": 0.9965937263021867,
  "avg_steps": 79.13333333333334,
  "diffusion_steps": 100,
  "execute_steps": 4,
  "checkpoint": "outputs/checkpoints/ablations/h32_d100/best.pt"
}