{
  "num_episodes": 30,
  "success_rate": 0.13333333333333333,
  "avg_final_distance": 0.884822866693139,
  "avg_steps": 75.53333333333333,
  "diffusion_steps": 20,
  "execute_steps": 4,
  "checkpoint": "outputs/checkpoints/ablations/h8_d20/best.pt"
}